自分	じぶん	jibunn
場合	ばあい	baai
思い	おもい	omoi
時間	じかん	jikann
今日	きょう|こんにち	kyou|konnnichi
思う	おもう	omou
考え	かんがえ	kanngae
会社	かいしゃ|がいしゃ	kaisha|gaisha
言う	いう|ゆう	iu|yuu
同じ	どうじ|おなじ|おんなじ	douji|onaji|onnnaji
多い	おおい	ooi
今回	こんかい	konnkai
多く	おおく	ooku
生活	せいかつ	seikatsu
出来	でき|しゅったい|しゅつらい	deki|shuttai|shutsurai
少し	すこし	sukoshi
社会	しゃかい	shakai
人間	にんげん|じんかん	ninngenn|jinnkann
行く	いく|ゆく	iku|yuku
電話	でんわ	dennwa
名前	なまえ	namae
一番	いちばん	ichibann
今年	こんねん|ことし	konnnenn|kotoshi
今日は	こんにちは	konnnichiha
高い	たかい|だかい	takai|dakai
中国	ちゅうこく	chuukoku
教え	おしえ	oshie
地図	ちず	chizu
行き	いき|ゆき	iki|yuki
日記	にっき	nikki
通り	とおり|どおり	toori|doori
新しい	あたらしい	atarashii
中心	ちゅうしん	chuushinn
近く	ちかく|じかく	chikaku|jikaku
明日	あす|あした|みょうにち	asu|ashita|myounichi
読む	よむ	yomu
音楽	おんがく	onngaku
大会	たいかい|だいえ	taikai|daie
計画	けいかく	keikaku
毎日	まいにち	mainichi
今後	こんご	konngo
行う	おこなう|おこのう	okonau|okonou
考える	かんがえる	kanngaeru
書く	かく	kaku
出来る	できる	dekiru
強い	しい|じい|つよい|づよい|こわい	shii|jii|tsuyoi|duyoi|kowai
高校	こうこう	koukou
お前	おまえ	omae
地方	ちほう|じかた	chihou|jikata
当時	とうじ	touji
大切	たいせつ	taisetsu
市場	いちば|しじょう	ichiba|shijou
作り	つくり|づくり	tsukuri|dukuri
公園	こうえん	kouenn
番組	ばんぐみ	banngumi
年間	ねんかん	nennkann
元気	げんき	gennki
楽しい	たのしい	tanoshii
来る	くる|きたる	kuru|kitaru
読み	よみ	yomi
週間	しゅうかん	shuukann
合わせ	あわせ	awase
海外	かいがい	kaigai
新聞	しんぶん	shinnbunn
行い	おこない	okonai
土地	とち	tochi
十分	じゅうぶん	juubunn
話し	はなし|ばなし	hanashi|banashi
少ない	すくない	sukunai
出会い	であい	deai
近い	ちかい	chikai
作る	つくる|づくる	tsukuru|dukuru
交通	こうつう	koutsuu
回答	かいとう	kaitou
科学	かがく	kagaku
教室	きょうしつ	kyoushitsu
国内	こくない	kokunai
会場	かいじょう	kaijou
地元	じもと	jimoto
一方	いっぽう|ひとかた	ippou|hitokata
当社	とうしゃ	tousha
午後	ごご	gogo
答え	こたえ	kotae
書き	かき|がき	kaki|gaki
社長	しゃちょう	shachou
先頭	せんとう	senntou
長い	ながい	nagai
中古	ちゅうこ|ちゅうぶる	chuuko|chuuburu
新た	あらた	arata
買い	かい|がい	kai|gai
活用	かつよう	katsuyou
上記	じょうき	jouki
気分	きぶん	kibunn
外国	がいこく|とつくに	gaikoku|totsukuni
下記	かき	kaki
聞き	きき|ぎき	kiki|giki
友人	ゆうじん	yuujinn
明らか	あきらか	akiraka
食べる	たべる	taberu
帰り	かえり|がえり	kaeri|gaeri
空間	くうかん	kuukann
分かり	わかり	wakari
少年	しょうねん	shounenn
自体	じたい	jitai
買う	かう|こう	kau|kou
電子	でんし	dennshi
計算	けいさん	keisann
工場	こうじょう|こうば	koujou|kouba
国家	こっか	kokka
電車	でんしゃ	dennsha
聞く	きく	kiku
多数	たすう	tasuu
止め	とめ|やめ|とどめ|どめ	tome|yame|todome|dome
午前	ごぜん	gozenn
市内	しない	shinai
自ら	じら|みずから	jira|mizukara
電気	でんき	dennki
分野	ぶんや	bunnya
組合	くみあい	kumiai
会長	かいちょう	kaichou
本当	ほんとう|ほんと	honntou|honnto
一切	いっさい	issai
知る	しる	shiru
当日	とうじつ	toujitsu
少女	しょうじょ|おとめ	shoujo|otome
時点	じてん	jitenn
今週	こんしゅう	konnshuu
日間	にっかん|にちかん|かかん|じつかん	nikkann|nichikann|kakann|jitsukann
正直	しょうじき	shoujiki
来年	らいねん	rainenn
毎年	まいとし|まいねん	maitoshi|mainenn
古い	ふるい|ふりい	furui|furii
歩き	あるき|ありき	aruki|ariki
切れ	きれ|ぎれ	kire|gire
何の	どの	dono
分かる	わかる	wakaru
後ろ	うしろ	ushiro
立場	たちば	tachiba
本来	ほんらい	honnrai
多分	たぶん	tabunn
楽しむ	たのしむ	tanoshimu
前回	ぜんかい	zennkai
半分	はんぶん	hannbunn
会話	かいわ	kaiwa
楽天	らくてん	rakutenn
作家	さっか	sakka
引き	ひき|びき	hiki|biki
用語	ようご	yougo
一言	いちげん|いちごん|ひとこと	ichigenn|ichigonn|hitokoto
一体	いったい	ittai
一時	いっとき|いちどき|いちじ|ひととき	ittoki|ichidoki|ichiji|hitotoki
万人	ばんにん|ばんじん|まんにん	bannninn|bannjinn|mannninn
語る	かたる	kataru
売り	うり	uri
前後	ぜんご	zenngo
後半	こうはん	kouhann
今月	こんげつ	konngetsu
楽しめる	たのしめる	tanoshimeru
記入	きにゅう	kinyuu
会計	かいけい	kaikei
お茶	おちゃ	ocha
市長	しちょう	shichou
歩く	あるく|ありく	aruku|ariku
当たり	あたり	atari
出場	しゅつじょう|でば	shutsujou|deba
売買	ばいばい	baibai
聞こえ	きこえ	kikoe
思い出	おもいで	omoide
走る	はしる|ばしる	hashiru|bashiru
数字	すうじ	suuji
言える	いえる|ゆえる	ieru|yueru
人数	にんずう|にんず|ひとかず	ninnzuu|ninnzu|hitokazu
当店	とうてん	toutenn
時計	とけい|どけい	tokei|dokei
夕方	ゆうがた	yuugata
広い	ひろい	hiroi
通知	つうち	tsuuchi
母親	ははおや	hahaoya
多少	たしょう	tashou
分け	わけ	wake
手作り	てづくり	tedukuri
当たり前	あたりまえ	atarimae
切り	きり|ぎり	kiri|giri
大分	だいぶ|だいぶん|おおいた	daibu|daibunn|ooita
広場	ひろば	hiroba
学会	がっかい	gakkai
遠く	とおく|どおく	tooku|dooku
楽し	たのし	tanoshi
国道	こくどう	kokudou
売れ	うれ	ure
弱い	よわい	yowai
走り	はしり|ばしり	hashiri|bashiri
原作	げんさく	gennsaku
帰る	かえる	kaeru
人形	にんぎょう|ひとがた	ninngyou|hitogata
心理	しんり	shinnri
外科	げか	geka
夏休み	なつやすみ	natsuyasumi
文書	ぶんしょ|もんじょ	bunnsho|monnjo
言語	げんご|ごんご	genngo|gonngo
国会	こっかい	kokkai
国立	こくりつ	kokuritsu
先週	せんしゅう	sennshuu
山形	やまがた|やまなり	yamagata|yamanari
東北	とうほく	touhoku
引用	いんよう	innyou
合う	あう|おう	au|ou
前日	まえび|ぜんじつ	maebi|zennjitsu
手紙	てがみ	tegami
親子	おやこ|しんし	oyako|shinnshi
組み合わせ	くみあわせ	kumiawase
合計	ごうけい	goukei
中止	ちゅうし	chuushi
作用	さよう	sayou
家電	かでん	kadenn
教会	きょうかい	kyoukai
見直し	みなおし	minaoshi
地下	ちか|じげ	chika|jige
朝食	ちょうしょく|あさげ	choushoku|asage
晴れ	はれ|ばれ	hare|bare
書店	しょてん	shotenn
父親	ちちおや	chichioya
本体	ほんたい	honntai
店長	てんちょう	tennchou
兄弟	きょうだい|けいてい	kyoudai|keitei
夕食	ゆうしょく|ゆうげ	yuushoku|yuuge
市町村	しちょうそん	shichousonn
学園	がくえん	gakuenn
話す	はなす	hanasu
思考	しこう	shikou
来週	らいしゅう	raishuu
同じく	おなじく	onajiku
絵本	えほん	ehonn
直後	ちょくご	chokugo
教える	おしえる	oshieru
店内	てんない	tennnai
一歩	いっぽ	ippo
明るい	あかるい	akarui
同一	どういつ	douitsu
回数	かいすう	kaisuu
手当	てあて	teate
明け	あけ	ake
前半	ぜんはん|ぜんぱん	zennhann|zennpann
市立	しりつ|いちりつ	shiritsu|ichiritsu
黒い	くろい|ぐろい	kuroi|guroi
手前	てまえ|てめい	temae|temei
本社	ほんしゃ	honnsha
生地	きじ|せいち	kiji|seichi
直前	ちょくぜん	chokuzenn
体力	たいりょく	tairyoku
台風	たいふう	taifuu
回り	まわり|めぐり	mawari|meguri
毎回	まいかい	maikai
図る	はかる	hakaru
会見	かいけん	kaikenn
今朝	けさ	kesa
中間	ちゅうかん|ちゅうげん	chuukann|chuugenn
来店	らいてん	raitenn
科目	かもく	kamoku
毎月	まいげつ|まいつき	maigetsu|maitsuki
東海	とうかい	toukai
室内	しつない	shitsunai
工作	こうさく	kousaku
走行	そうこう	soukou
当て	あて	ate
遠い	とおい|どおい	tooi|dooi
毎週	まいしゅう	maishuu
直し	なおし	naoshi
半年	はんねん|はんとし	hannnenn|hanntoshi
当たる	あたる	ataru
音声	おんせい|おんじょう	onnsei|onnjou
広がる	ひろがる	hirogaru
語り	かたり|がたり	katari|gatari
地上	ちじょう	chijou
細かい	こまかい	komakai
日帰り	ひがえり	higaeri
今夜	こんや	konnya
読書	どくしょ	dokusho
入門	にゅうもん	nyuumonn
昼食	ちゅうしょく|ちゅうじき|ひるげ	chuushoku|chuujiki|hiruge
知り合い	しりあい	shiriai
新作	しんさく	shinnsaku
新人	しんじん	shinnjinn
思える	おもえる	omoeru
近年	きんねん	kinnnenn
売上	うりあげ	uriage
回し	まわし	mawashi
人工	じんこう	jinnkou
大体	だいたい	daitai
同社	どうしゃ	dousha
食い	くい|ぐい	kui|gui
入場	にゅうじょう	nyuujou
地点	ちてん	chitenn
朝日	あさひ	asahi
何人	なにじん|なにびと|なんぴと|なんにん	nanijinn|nanibito|nannpito|nannninn
数学	すうがく	suugaku
帰国	きこく	kikoku
電池	でんち	dennchi
日曜	にちよう	nichiyou
高原	こうげん	kougenn
本店	ほんてん	honntenn
水道	すいどう|みずみち	suidou|mizumichi
姉妹	しまい	shimai
本書	ほんしょ	honnsho
通し	とおし|どおし	tooshi|dooshi
通じ	つうじ	tsuuji
切る	きる|ぎる	kiru|giru
合い	あい	ai
内科	ないか	naika
学科	がっか	gakka
同時	どうじ	douji
入会	にゅうかい|いりあい	nyuukai|iriai
強力	きょうりき|ごうりき|きょうりょく	kyouriki|gouriki|kyouryoku
地名	ちめい	chimei
行ける	いける|ゆける	ikeru|yukeru
電力	でんりょく	dennryoku
数多く	かずおおく	kazuooku
王国	おうこく	oukoku
外し	はずし	hazushi
昼間	ちゅうかん|ひるま|ぴるま	chuukann|hiruma|piruma
半角	はんかく	hannkaku
外交	がいこう	gaikou
水分	すいぶん	suibunn
古く	ふるく	furuku
色んな	いろんな	ironnna
黄色	おうしょく|きいろ|こうしょく	oushoku|kiiro|koushoku
用紙	ようし	youshi
自立	じりつ	jiritsu
国土	こくど	kokudo
外れ	はずれ	hazure
自社	じしゃ	jisha
何に	なんに	nannni
新年	しんねん	shinnnenn
分かれ	わかれ	wakare
先行	せんこう	sennkou
出店	しゅってん|でみせ	shuttenn|demise
青春	せいしゅん	seishunn
会う	あう|おう	au|ou
早朝	そうちょう	souchou
店頭	てんとう	tenntou
広がり	ひろがり	hirogari
歌う	うたう|うとう	utau|utou
姉さん	ねえさん	neesann
この間	このあいだ	konoaida
前記	ぜんき	zennki
歌手	かしゅ	kashu
親切	しんせつ	shinnsetsu
見通し	みとおし	mitooshi
大地	だいち	daichi
売る	うる	uru
自作	じさく	jisaku
店名	てんめい	tennmei
立地	りっち	ricchi
原理	げんり	gennri
通る	とおる	tooru
本番	ほんばん	honnbann
黄金	おうごん|こがね	ougonn|kogane
校長	こうちょう	kouchou
長年	ちゃんねん|ながねん	channnenn|naganenn
日光	にっこう	nikkou
林道	りんどう	rinndou
手間	てま|でま	tema|dema
高める	たかめる	takameru
点数	てんすう	tennsuu
親父	おやじ|しんぷ	oyaji|shinnpu
社内	しゃない	shanai
天才	てんさい	tennsai
同人	どうじん|どうにん	doujinn|douninn
長男	ちょうなん	chounann
行方	ゆくえ	yukue
上場	じょうじょう	joujou
日時	にちじ	nichiji
外出	がいしゅつ	gaishutsu
絵画	かいが	kaiga
答える	こたえる	kotaeru
図書	としょ|ずしょ	tosho|zusho
大半	たいはん	taihann
知人	ちじん	chijinn
細い	ほそい|こまかい|こまい	hosoi|komakai|komai
夜中	やちゅう|よなか	yachuu|yonaka
心地	ここち|ごこち|しんじ	kokochi|gokochi|shinnji
用いる	もちいる	mochiiru
肉体	にくたい	nikutai
合同	ごうどう	goudou
前年	ぜんねん	zennnenn
手元	てもと	temoto
国語	こくご	kokugo
文明	ぶんめい	bunnmei
夜間	やかん	yakann
引く	ひく	hiku
入社	にゅうしゃ	nyuusha
来場	らいじょう	raijou
日米	にちべい	nichibei
外来	がいらい	gairai
百万	ひゃくまん	hyakumann
弟子	でし|ていし	deshi|teishi
海上	かいじょう|かいしょう	kaijou|kaishou
何時	いつ|なんどき	itsu|nanndoki
生理	せいり	seiri
一家	いっか	ikka
後日	ごじつ	gojitsu
聞こえる	きこえる	kikoeru
土曜	どよう	doyou
合理	ごうり	gouri
分子	ぶんし	bunnshi
数十	すうじゅう	suujuu
兄ちゃん	にいちゃん	niichann
半ば	なかば	nakaba
買える	かえる	kaeru
兄さん	にいさん	niisann
日数	にっすう|ひかず	nissuu|hikazu
来月	らいげつ	raigetsu
正体	しょうたい|せいたい	shoutai|seitai
天国	てんごく	tenngoku
正当	せいとう	seitou
足元	あしもと	ashimoto
止める	とめる|やめる|とどめる	tomeru|yameru|todomeru
道場	どうじょう	doujou
通学	つうがく	tsuugaku
立体	りったい	rittai
歩行	ほこう	hokou
高山	こうざん	kouzann
一同	いちどう	ichidou
分間	ぶんけん|ふんかん|ぷんかん	bunnkenn|funnkann|punnkann
工学	こうがく	kougaku
小売	こうり	kouri
公立	こうりつ	kouritsu
町内	ちょうない|まちうち	chounai|machiuchi
回る	まわる	mawaru
心がけ	こころがけ	kokorogake
思いっきり	おもいっきり	omoikkiri
明記	めいき	meiki
合わせる	あわせる	awaseru
回線	かいせん	kaisenn
組み	くみ|ぐみ	kumi|gumi
車内	しゃない	shanai
読める	よめる	yomeru
直線	ちょくせん	chokusenn
東方	とうほう|ひがしがた	touhou|higashigata
本線	ほんせん	honnsenn
体内	たいない	tainai
地理	ちり	chiri
少数	しょうすう	shousuu
通行	つうこう	tsuukou
目線	めせん	mesenn
同行	どうこう|どうぎょう	doukou|dougyou
地形	ちけい|じぎょう	chikei|jigyou
南北	なんぼく	nannboku
買い上げ	かいあげ	kaiage
数え	かぞえ	kazoe
歩道	ほどう	hodou
売れる	うれる	ureru
同日	どうじつ	doujitsu
来日	らいにち	rainichi
気楽	きらく	kiraku
名作	めいさく	meisaku
町長	ちょうちょう	chouchou
野生	やせい	yasei
作れる	つくれる	tsukureru
直ぐ	すぐ	sugu
話し合い	はなしあい	hanashiai
売り上げ	うりあげ	uriage
東西	とうざい|ひんがしにし	touzai|hinngashinishi
友だち	ともだち	tomodachi
当地	とうち	touchi
引き出し	ひきだし	hikidashi
千万	せんばん|せんまん	sennbann|sennmann
食う	くう	kuu
通用	つうよう	tsuuyou
間近	まじか	majika
三角	さんかく	sannkaku
出番	でばん	debann
空室	くうしつ	kuushitsu
画家	がか	gaka
引き上げ	ひきあげ	hikiage
会合	かいごう	kaigou
人前	ひとまえ|にんまえ	hitomae|ninnmae
後方	こうほう|のちかた	kouhou|nochikata
一行	いっこう|ひとくだり	ikkou|hitokudari
原点	げんてん	genntenn
通う	かよう|がよう	kayou|gayou
親友	しんゆう	shinnyuu
売り切れ	うりきれ	urikire
近づく	ちかづく	chikaduku
黄色い	きいろい	kiiroi
青少年	せいしょうねん	seishounenn
出前	でまえ	demae
気合	きあい	kiai
行なう	おこなう	okonau
同年	どうねん	dounenn
公正	こうせい	kousei
新書	しんしょ	shinnsho
通い	かよい|がよい	kayoi|gayoi
光る	ひかる	hikaru
姉ちゃん	ねえちゃん	neechann
多いん	たいん	tainn
組み立て	くみたて	kumitate
牛肉	ぎゅうにく	gyuuniku
算出	さんしゅつ	sannshutsu
広大	こうだい	koudai
原子	げんし	gennshi
お家	おいえ|おうち	oie|ouchi
当方	とうほう	touhou
前方	ぜんぽう|まえかた	zennpou|maekata
強引	ごういん	gouinn
年数	ねんすう	nennsuu
目当て	めあて	meate
馬場	うまば|ばば	umaba|baba
本場	ほんば	honnba
数百	すーひゃく	su-hyaku
外見	がいけん|そとみ	gaikenn|sotomi
万が一	まんがいち	manngaichi
直ちに	ただちに	tadachini
本作	ほんさく	honnsaku
新車	しんしゃ	shinnsha
止まり	とまり|とどまり|どまり	tomari|todomari|domari
休止	きゅうし	kyuushi
語学	ごがく	gogaku
前作	ぜんさく	zennsaku
直す	なおす	naosu
家づくり	いえづくり	iedukuri
合間	あいま	aima
歩み	あゆみ	ayumi
その方	そのほう	sonohou
知らせ	しらせ	shirase
会える	あえる	aeru
上回る	うわまわる	uwamawaru
理科	りか	rika
心地よい	ここちよい	kokochiyoi
切れる	きれる	kireru
出来上がり	できあがり	dekiagari
か知ら	かしら	kashira
計上	けいじょう	keijou
元年	がんねん	gannnenn
月曜	げつよう	getsuyou
方言	ほうげん	hougenn
色合い	いろあい	iroai
通じる	つうじる	tsuujiru
何十	なんじゅう	nannjuu
思いで	おもいで	omoide
野田	のだ	noda
歌声	うたごえ	utagoe
古本	ふるほん	furuhonn
外人	がいじん	gaijinn
カ国	かこく	kakoku
百科	ひゃっか	hyakka
円高	えんだか	enndaka
止まる	とまる|とどまる	tomaru|todomaru
音色	ねいろ|おんしょく	neiro|onnshoku
西口	にしぐち	nishiguchi
立ち読み	たちよみ	tachiyomi
車線	しゃせん	shasenn
切手	きって|ぎって	kitte|gitte
長女	ちょうじょ|おさめ	choujo|osame
本家	ほんけ	honnke
一点	いってん	ittenn
教科	きょうか	kyouka
大国	たいこく	taikoku
大工	だいく|だいこう	daiku|daikou
母子	ぼし|ははこ	boshi|hahako
高木	こうぼく	kouboku
大声	おおごえ|たいせい	oogoe|taisei
百合	ゆり	yuri
番地	ばんち	bannchi
目黒	めぐろ	meguro
生体	せいたい	seitai
売り場	うりば	uriba
曜日	ようび	youbi
野外	やがい	yagai
小麦	こむぎ	komugi
北上	ほくじょう	hokujou
春日	しゅんじつ	shunnjitsu
太い	ふとい|ぶとい	futoi|butoi
金曜	きんよう	kinnyou
一夜	ひとよ|いちや	hitoyo|ichiya
人体	じんたい|じんてい|にんてい	jinntai|jinntei|ninntei
白鳥	はくちょう|しらとり	hakuchou|shiratori
金魚	きんぎょ	kinngyo
回す	まわす	mawasu
通話	つうわ	tsuuwa
山道	さんどう|やまみち	sanndou|yamamichi
社名	しゃめい	shamei
万一	まんいち	mannichi
海水	かいすい	kaisui
家計	かけい	kakei
名言	めいげん	meigenn
一角	いっかく|ひとかど	ikkaku|hitokado
野鳥	やちょう	yachou
自力	じりき	jiriki
広げる	ひろげる	hirogeru
長文	ちょうぶん	choubunn
同市	どうし	doushi
国内外	こくないがい	kokunaigai
声明	せいめい|しょうみょう	seimei|shoumyou
北東	ほくとう	hokutou
番手	ばんて	bannte
上京	じょうきょう	joukyou
この方	このほう|このかた	konohou|konokata
引け	ひけ	hike
夜明け	よあけ	yoake
店や	みせや	miseya
車体	しゃたい	shatai
用地	ようち	youchi
南海	なんかい	nannkai
明細	めいさい	meisai
外食	がいしょく	gaishoku
内外	ないがい|うちそと	naigai|uchisoto
道中	どうちゅう	douchuu
高まる	たかまる	takamaru
野口	のぐち	noguchi
毎朝	まいあさ	maiasa
南西	なんせい	nannsei
里山	さとやま	satoyama
入国	にゅうこく	nyuukoku
自国	じこく	jikoku
親方	おやかた	oyakata
台数	だいすう	daisuu
白馬	しろうま|はくば	shirouma|hakuba
メル友	めるとも	merutomo
読売	よみうり	yomiuri
楽園	らくえん	rakuenn
高まり	たかまり	takamari
活力	かつりょく	katsuryoku
北西	ほくせい	hokusei
中元	ちゅうげん	chuugenn
明後日	みょうごにち|あさって	myougonichi|asatte
切ない	せつない	setsunai
上方	かみがた|じょうほう	kamigata|jouhou
帰り道	かえりみち	kaerimichi
売店	ばいてん	baitenn
大社	たいしゃ	taisha
黒人	こくじん	kokujinn
公社	こうしゃ	kousha
強風	きょうふう	kyoufuu
年内	ねんない	nennnai
通す	とおす|どおす	toosu|doosu
国交	こっこう	kokkou
書道	しょどう	shodou
山間	さんかん|やまあい	sannkann|yamaai
書ける	かける	kakeru
金色	きんいろ|こんじき	kinniro|konnjiki
作文	さくぶん	sakubunn
前線	ぜんせん	zennsenn
風水	ふうすい	fuusui
万年	まんねん	mannnenn
弱点	じゃくてん	jakutenn
入園	にゅうえん	nyuuenn
丸い	まるい|まりい	marui|marii
手首	てくび	tekubi
当分	とうぶん	toubunn
日夜	にちや	nichiya
手書き	てがき|てかき	tegaki|tekaki
外す	はずす	hazusu
小池	こいけ	koike
気合い	きあい	kiai
光学	こうがく	kougaku
土台	どだい	dodai
当てる	あてる	ateru
本数	ほんすう	honnsuu
台場	だいば	daiba
活気	かっき	kakki
船長	せんちょう	sennchou
父母	ちちはは|ふぼ	chichihaha|fubo
思いやり	おもいやり	omoiyari
古来	こらい	korai
東口	ひがしぐち	higashiguchi
一通り	ひととおり	hitotoori
合体	がったい	gattai
星空	ほしぞら	hoshizora
月間	げっかん	gekkann
間に合う	まにあう|まにおう	maniau|maniou
古書	こしょ	kosho
日当たり	ひあたり	hiatari
見合い	みあい	miai
分ける	わける	wakeru
大作	たいさく	taisaku
細か	こまか	komaka
新田	しんでん|しんた	shinndenn|shinnta
直行	ちょっこう	chokkou
母さん	かあさん	kaasann
当り	あたり	atari
通算	つうさん	tsuusann
小鳥	ことり	kotori
遠方	えんぽう	ennpou
数千	すうせん	suusenn
風土	ふうど|ふど	fuudo|fudo
白色	しろいろ|はくしょく	shiroiro|hakushoku
王朝	おうちょう	ouchou
組む	くむ	kumu
半日	はんじつ|はんにち	hannjitsu|hannnichi
多大	ただい	tadai
何気	なにげ	nanige
高台	たかだい	takadai
学長	がくちょう	gakuchou
谷川	たにがわ	tanigawa
半数	はんすう	hannsuu
南国	なんごく	nanngoku
晴天	せいてん	seitenn
行ない	おこない	okonai
北方	ほっぽう	hoppou
合金	ごうきん	goukinn
道のり	みちのり	michinori
土方	どかた	dokata
黒字	くろじ	kuroji
明かり	あかり	akari
細工	さいく|ざいく	saiku|zaiku
大家	おおや|たいか|たいけ	ooya|taika|taike
天地	てんち|あめつち	tennchi|ametsuchi
夜空	よぞら	yozora
地道	じみち	jimichi
行える	おこなえる	okonaeru
自家	じか	jika
算数	さんすう	sannsuu
昼休み	ひるやすみ	hiruyasumi
国王	こくおう	kokuou
草原	そうげん|くさはら	sougenn|kusahara
書記	しょき	shoki
強行	きょうこう	kyoukou
目前	もくぜん	mokuzenn
北口	きたぐち	kitaguchi
下地	したじ	shitaji
南口	みなみぐち	minamiguchi
赤色	あかいろ|せきしょく	akairo|sekishoku
一色	いっしょく	isshoku
食後	しょくご	shokugo
市中	しちゅう	shichuu
夏場	なつば	natsuba
番外	ばんがい	banngai
家内	かない|やうち	kanai|yauchi
力強い	ちからづよい	chikaraduyoi
手当て	てあて	teate
行き方	ゆきがた	yukigata
鳴る	なる	naru
山地	さんち	sannchi
古川	ふるかわ	furukawa
時空	じくう	jikuu
内心	ないしん	naishinn
山内	さんない	sannnai
南東	なんとう	nanntou
内野	ないや	naiya
田園	でんえん	dennenn
中原	ちゅうげん	chuugenn
王道	おうどう	oudou
風船	ふうせん	fuusenn
直売	ちょくばい	chokubai
国体	こくたい	kokutai
食用	しょくよう	shokuyou
今さら	いまさら	imasara
鳴き声	なきごえ	nakigoe
直通	ちょくつう	chokutsuu
出馬	しゅつば	shutsuba
分科	ぶんか	bunnka
父さん	とうさん	tousann
手形	てがた	tegata
用水	ようすい	yousui
活かす	いかす	ikasu
足場	あしば	ashiba
名門	めいもん	meimonn
点目	てんめ	tennme
大雪	おおゆき|たいせつ	ooyuki|taisetsu
口元	くちもと	kuchimoto
白黒	しろくろ	shirokuro
行き先	いきさき|ゆきさき	ikisaki|yukisaki
水色	みずいろ|すいしょく	mizuiro|suishoku
夜行	やこう	yakou
水曜	すいよう	suiyou
天体	てんたい	tenntai
作目	さくもく	sakumoku
木工	もっこう|もく	mokkou|moku
母校	ぼこう	bokou
人当たり	ひとあたり	hitoatari
新入	しんにゅう	shinnnyuu
合コン	ごうこん	goukonn
作画	さくが	sakuga
多用	たよう	tayou
見分け	みわけ	miwake
園内	えんない	ennnai
国外	こくがい	kokugai
思い切り	おもいきり	omoikiri
山野	さんや	sannya
思いつき	おもいつき	omoitsuki
生後	せいご	seigo
作り出し	つくりだし	tsukuridashi
山行	さんこう	sannkou
鳴り	なり	nari
手話	しゅわ	shuwa
組立	くみたて	kumitate
今時	いまどき	imadoki
今一	いまいち	imaichi
四方	しほう|よも	shihou|yomo
近づき	ちかづき	chikaduki
長生き	ながいき	nagaiki
遠足	えんそく	ennsoku
半田	はんだ	hannda
新生	しんせい	shinnsei
やり直し	やりなおし	yarinaoshi
花園	はなぞの|かえん	hanazono|kaenn
地デジ	ちでじ	chideji
空母	くうぼ	kuubo
色気	いろけ	iroke
出走	しゅっそう	shussou
古今	こきん|ここん	kokinn|kokonn
南方	なんぽう	nannpou
理学	りがく	rigaku
谷口	たにぐち	taniguchi
合図	あいず	aizu
話せる	はなせる	hanaseru
丸ごと	まるごと	marugoto
日の丸	ひのまる	hinomaru
新春	しんしゅん	shinnshunn
大通り	おおどおり	oodoori
太もも	ふともも	futomomo
分かれる	わかれる	wakareru
明白	めいはく	meihaku
丸出し	まるだし	marudashi
南下	なんか	nannka
思い入れ	おもいいれ	omoiire
外野	がいや	gaiya
まとめ買い	まとめがい	matomegai
絵かき	えかき	ekaki
引き下げ	ひきさげ	hikisage
原画	げんが	gennga
同点	どうてん	doutenn
直近	ちょっきん	chokkinn
円形	えんけい	ennkei
聞ける	きける	kikeru
正午	しょうご	shougo
何百	なんびゃく	nannbyaku
里親	さとおや	satooya
朝一	あさいち	asaichi
売春	ばいしゅん	baishunn
車道	しゃどう	shadou
新米	しんまい	shinnmai
原文	げんぶん	gennbunn
同名	どうめい	doumei
馬車	ばしゃ	basha
木曜	もくよう	mokuyou
食べ歩き	たべあるき	tabearuki
電線	でんせん	dennsenn
場内	じょうない	jounai
ひと時	ひととき	hitotoki
活字	かつじ	katsuji
ただ今	ただいま	tadaima
引き分け	ひきわけ	hikiwake
村長	そんちょう|むらおさ	sonnchou|muraosa
数える	かぞえる	kazoeru
地場	じば	jiba
読み聞かせ	よみきかせ	yomikikase
何しろ	なにしろ	nanishiro
中西	ちゅうせい	chuusei
東名	とうめい	toumei
足首	あしくび	ashikubi
下方	かほう	kahou
強気	つよき	tsuyoki
岩場	いわば	iwaba
近場	ちかば	chikaba
思春	ししゅん	shishunn
引手	ひきて	hikite
顔色	かおいろ|がんしょく	kaoiro|gannshoku
頭上	ずじょう	zujou
中高年	ちゅうこうねん	chuukounenn
山歩き	やまあるき	yamaaruki
台本	だいほん	daihonn
生前	せいぜん	seizenn
一読	いちどく	ichidoku
風力	ふうりょく	fuuryoku
校内	こうない	kounai
日朝	にっちょう	nicchou
公明	こうめい	koumei
わが家	わがや	wagaya
見当	けんとう	kenntou
鳴く	なく	naku
白書	はくしょ	hakusho
光線	こうせん	kousenn
自生	じせい	jisei
組合せ	くみあわせ	kumiawase
冬場	ふゆば	fuyuba
口頭	こうとう	koutou
社交	しゃこう	shakou
心中	しんじゅう|しんちゅう	shinnjuu|shinnchuu
手引き	てびき	tebiki
年明け	としあけ|ねんあけ	toshiake|nennake
市町	しちょう	shichou
交番	こうばん	koubann
朝ごはん	あさごはん	asagohann
声かけ	こえかけ	koekake
文体	ぶんたい	bunntai
切り口	きりくち	kirikuchi
近道	ちかみち	chikamichi
茶道	さどう|ちゃどう	sadou|chadou
一線	いっせん	issenn
首長	しゅちょう	shuchou
前夜	ぜんや	zennya
文科	ぶんか|もんか	bunnka|monnka
通気	つうき	tsuuki
社外	しゃがい	shagai
丸太	まるた	maruta
門前	もんぜん	monnzenn
母体	ぼたい	botai
近日	きんじつ	kinnjitsu
本国	ほんごく	honngoku
朝方	あさがた	asagata
羽目	はめ|ばめ	hame|bame
回帰	かいき	kaiki
引きこもり	ひきこもり	hikikomori
本市	ほんし	honnshi
汽車	きしゃ|ぎしゃ	kisha|gisha
太り	ふとり|ぶとり	futori|butori
親しい	したしい	shitashii
図形	ずけい	zukei
合せ	がっせ|あわせ	gasse|awase
入店	にゅうてん	nyuutenn
道内	どうない	dounai
学内	がくない	gakunai
口内	こうない	kounai
黒色	くろいろ|こくしょく	kuroiro|kokushoku
黒木	くろき	kuroki
光り	ひかり	hikari
番長	ばんちょう	bannchou
思ふ	おもふ	omofu
名店	めいてん	meitenn
火曜	かよう	kayou
言い分	いいぶん	iibunn
男前	おとこまえ	otokomae
羽毛	うもう	umou
細やか	こまやか|ささやか|ほそやか	komayaka|sasayaka|hosoyaka
同月	どうげつ	dougetsu
地中	ちちゅう	chichuu
道理	どうり	douri
親分	おやぶん	oyabunn
川原	かわら|がわら	kawara|gawara
音頭	おんど	onndo
日食	にっしょく	nisshoku
食べれる	たべれる	tabereru
年長	ねんちょう	nennchou
風合い	ふうあい	fuuai
用心	ようじん	youjinn
元ネタ	もとねた	motoneta
月光	げっこう	gekkou
高が	こうが	kouga
風車	ふうしゃ|かざぐるま	fuusha|kazaguruma
計り	ばかり|はかり	bakari|hakari
方角	ほうがく	hougaku
室長	しつちょう	shitsuchou
行き来	いきき|ゆきき	ikiki|yukiki
千秋	せんしゅう	sennshuu
親王	しんのう	shinnnou
歩む	あゆむ	ayumu
海中	かいちゅう	kaichuu
谷間	たにま|たにあい	tanima|taniai
半月	はんつき|はんげつ	hanntsuki|hanngetsu
外れる	はずれる	hazureru
少子	しょうし	shoushi
後ほど	のちほど	nochihodo
太刀	たち|だち	tachi|dachi
本会	ほんかい	honnkai
食道	しょくどう	shokudou
春休み	はるやすみ	haruyasumi
通りすがり	とおりすがり	toorisugari
当番	とうばん	toubann
色紙	いろがみ|しきし	irogami|shikishi
兄妹	きょうだい	kyoudai
朝市	あさいち	asaichi
目の当たり	まのあたり|めのあたり	manoatari|menoatari
点字	てんじ	tennji
中高	ちゅうこう|なかだか	chuukou|nakadaka
古道	こどう|ふるみち	kodou|furumichi
白紙	はくし|しらかみ	hakushi|shirakami
鳴らす	ならす	narasu
知見	ちけん	chikenn
一人前	いちにんまえ|ひとりまえ	ichininnmae|hitorimae
読み上げ	よみあげ	yomiage
走れる	はしれる	hashireru
元来	がんらい	gannrai
体外	たいがい	taigai
雪山	ゆきやま	yukiyama
本丸	ほんまる	honnmaru
一新	いっしん	isshinn
国歌	こっか	kokka
出社	しゅっしゃ	shussha
明言	めいげん	meigenn
当人	とうにん	touninn
売場	うりば	uriba
直下	ちょっか|じきげ	chokka|jikige
台頭	たいとう	taitou
家出	いえで	iede
来春	らいはる|らいしゅん	raiharu|raishunn
野中	のなか	nonaka
金星	きんぼし	kinnboshi
何れ	いずれ|どれ	izure|dore
岩石	がんせき	gannseki
歩ける	あるける	arukeru
作風	さくふう	sakufuu
書き下ろし	かきおろし	kakioroshi
分かち	わかち	wakachi
中高生	ちゅうこうせい	chuukousei
西方	さいほう|せいほう|にしがた	saihou|seihou|nishigata
活かせる	いかせる	ikaseru
夏バテ	なつばて	natsubate
心強い	こころづよい	kokoroduyoi
一丸	いちがん	ichigann
台地	だいち	daichi
昼前	ひるまえ	hirumae
八雲	やくも	yakumo
作中	さくちゅう	sakuchuu
回生	かいせい	kaisei
本心	ほんしん	honnshinn
母ちゃん	かあちゃん	kaachann
西南	せいなん	seinann
切り上げ	きりあげ	kiriage
大門	だいもん|おおもん	daimonn|oomonn
売り出し	うりだし	uridashi
万引き	まんびき	mannbiki
見合わせ	みあわせ	miawase
肉食	にくしょく|にくじき	nikushoku|nikujiki
山門	さんもん	sannmonn
大当たり	おおあたり	ooatari
朝顔	あさがお	asagao
矢先	やさき	yasaki
冬休み	ふゆやすみ	fuyuyasumi
園長	えんちょう	ennchou
歌人	かじん|うたびと	kajinn|utabito
自前	じまえ	jimae
組長	くみちょう	kumichou
細心	さいしん	saishinn
国分	こくぶん	kokubunn
文言	もんごん|ぶんげん	monngonn|bunngenn
今ひとつ	いまひとつ	imahitotsu
書体	しょたい	shotai
寺社	じしゃ	jisha
朝夕	あさゆう|ちょうせき	asayuu|chouseki
明け方	あけがた	akegata
一回り	ひとまわり	hitomawari
行楽	こうらく	kouraku
細長い	ほそながい	hosonagai
晴れる	はれる	hareru
書きかけ	かきかけ	kakikake
昼夜	ちゅうや|ひるよる	chuuya|hiruyoru
空海	くうかい	kuukai
書き出し	かきだし	kakidashi
食肉	しょくにく	shokuniku
北海	ほっかい	hokkai
先行き	さきゆき	sakiyuki
何せ	なにせ|なんせ	nanise|nannse
顔立ち	かおだち	kaodachi
年会	ねんかい	nennkai
一心	いっしん	isshinn
耳元	みみもと	mimimoto
北国	きたぐに|ほっこく	kitaguni|hokkoku
何千	なんぜん	nannzenn
太子	たいし	taishi
市電	しでん	shidenn
人道	じんどう	jinndou
番線	ばんせん	bannsenn
春先	はるさき	harusaki
外道	げどう	gedou
気長	きなが	kinaga
遠山	えんざん|とおやま	ennzann|tooyama
何分	なにぶん	nanibunn
生計	せいけい	seikei
止む	やむ	yamu
野原	のはら	nohara
今作	こんさく	konnsaku
長らく	ながらく	nagaraku
空き地	あきち	akichi
出家	しゅっけ	shukke
晴れ間	はれま	harema
太一	たいいつ|たいち	taiitsu|taichi
前もって	まえもって	maemotte
春秋	しゅんじゅう|はるあき	shunnjuu|haruaki
同国	どうこく	doukoku
名声	めいせい	meisei
切り出し	きりだし	kiridashi
言い回し	いいまわし	iimawashi
下回る	したまわる	shitamawaru
明かす	あかす	akasu
内海	うちうみ|ないかい	uchiumi|naikai
口当たり	くちあたり	kuchiatari
道楽	どうらく	douraku
前月	ぜんげつ	zenngetsu
大丸	おおまる	oomaru
見聞	けんぶん|けんもん	kennbunn|kennmonn
弱体	じゃくたい	jakutai
多し	おおし	ooshi
多角	たかく	takaku
書名	しょめい	shomei
分り	わかり	wakari
近づける	ちかづける	chikadukeru
赤羽	あかはね	akahane
同い年	おないどし	onaidoshi
点火	てんか|とぼし	tennka|toboshi
名高い	なだかい	nadakai
一門	いちもん	ichimonn
台車	だいしゃ	daisha
下野	げや	geya
原生	げんせい	gennsei
強いて	しいて	shiite
小顔	こがお	kogao
遠出	とおで	toode
同心	どうしん	doushinn
六角	ろっかく	rokkaku
花道	はなみち|かどう	hanamichi|kadou
高そう	こうそう	kousou
売上げ	うりあげ	uriage
公用	こうよう	kouyou
小国	しょうこく	shoukoku
母国	ぼこく	bokoku
野山	のやま	noyama
親知らず	おやしらず	oyashirazu
正門	せいもん	seimonn
大黒	だいこく	daikoku
西京	さいきょう	saikyou
大方	おおかた|たいほう|だいほう	ookata|taihou|daihou
市道	しどう	shidou
天理	てんり	tennri
人魚	にんぎょ	ninngyo
会食	かいしょく	kaishoku
同校	どうこう	doukou
食す	しょくす	shokusu
山里	やまざと	yamazato
見切り	みきり	mikiri
校歌	こうか	kouka
今春	こんしゅん	konnshunn
千鳥	ちどり	chidori
手記	しゅき	shuki
年来	ねんらい	nennrai
前走	ぜんそう	zennsou
まつ毛	まつげ	matsuge
里帰り	さとがえり	satogaeri
上戸	じょうご	jougo
野草	やそう	yasou
帰れる	かえれる	kaereru
山寺	やまでら	yamadera
元本	がんぽん	gannponn
馬力	ばりき	bariki
本紙	ほんし	honnshi
一室	いっしつ	isshitsu
気体	きたい	kitai
交わす	かわす	kawasu
見晴らし	みはらし	miharashi
売国	ばいこく	baikoku
今夏	こんか	konnka
親近	しんきん	shinnkinn
家中	かちゅう	kachuu
強大	きょうだい	kyoudai
顔つき	かおつき	kaotsuki
白米	はくまい	hakumai
手羽	てば	teba
先方	せんぽう|さきがた	sennpou|sakigata
教頭	きょうとう	kyoutou
秋冬	あきふゆ|しゅうとう	akifuyu|shuutou
後見	こうけん|うしろみ	koukenn|ushiromi
教え子	おしえご	oshiego
春夏	はるなつ	harunatsu
記す	しるす|きす	shirusu|kisu
公言	こうげん	kougenn
市外	しがい	shigai
小切手	こぎって	kogitte
四角	しかく	shikaku
通夜	つや	tsuya
町家	まちや|ちょうか	machiya|chouka
月夜	つきよ|づきよ	tsukiyo|dukiyo
大海	たいかい	taikai
後回し	あとまわし	atomawashi
半生	はんせい|はんしょう|はんなま	hannsei|hannshou|hannnama
黒毛	くろげ	kuroge
行きつけ	ゆきつけ|いきつけ	yukitsuke|ikitsuke
四角い	しかくい|しかきい	shikakui|shikakii
春風	しゅんぷう|はるかぜ	shunnpuu|harukaze
雪国	ゆきぐに	yukiguni
風通し	かぜとおし|かざとおし	kazetooshi|kazatooshi
父子	ちちこ|ふし	chichiko|fushi
読本	とくほん|よみほん|どくほん	tokuhonn|yomihonn|dokuhonn
間合い	まあい	maai
心当たり	こころあたり	kokoroatari
近海	きんかい	kinnkai
引き金	ひきがね	hikigane
食える	くえる	kueru
地内	じない	jinai
公道	こうどう	koudou
遠回り	とおまわり	toomawari
弱気	よわき	yowaki
三線	さんしん	sannshinn
茶室	ちゃしつ	chashitsu
後手	うしろで|ごて	ushirode|gote
ひと言	ひとこと	hitokoto
理工	りこう	rikou
引数	ひきすう	hikisuu
週休	しゅうきゅう	shuukyuu
南北朝	なんぼくちょう	nannbokuchou
日当	にっとう	nittou
出来高	できだか	dekidaka
記名	きめい	kimei
顔ぶれ	かおぶれ	kaobure
場外	じょうがい	jougai
大通	おおどおり|だいつう	oodoori|daitsuu
社寺	しゃじ	shaji
太る	ふとる	futoru
前売り	まえうり	maeuri
後場	ごば	goba
高見	こうけん	koukenn
入室	にゅうしつ	nyuushitsu
大船	おおぶね	oobune
切に	せつに	setsuni
父ちゃん	とうちゃん	touchann
西国	さいこく|さいごく	saikoku|saigoku
近親	きんしん	kinnshinn
目元	めもと	memoto
高音	こうおん|たかね	kouonn|takane
船内	せんない	sennnai
光明	こうみょう	koumyou
国公立	こっこうりつ	kokkouritsu
公文	こうぶん|くもん	koubunn|kumonn
小声	こごえ	kogoe
引き立て	ひきたて	hikitate
光子	こうし	koushi
番台	ばんだい	banndai
自室	じしつ	jishitsu
早春	そうしゅん	soushunn
線引き	せんびき	sennbiki
毛糸	けいと	keito
出国	しゅっこく	shukkoku
今秋	こんしゅう	konnshuu
出頭	しゅっとう	shuttou
内地	ないち	naichi
当直	とうちょく	touchoku
北風	きたかぜ|ほくふう	kitakaze|hokufuu
時雨	しぐれ	shigure
見せ場	みせば	miseba
高地	こうち	kouchi
丸見え	まるみえ	marumie
絵図	えず	ezu
売れ行き	うれゆき	ureyuki
南高	なんこう	nannkou
原本	げんぽん	gennponn
計る	はかる	hakaru
風間	かざま	kazama
出船	しゅっせん|でふね|でぶね	shussenn|defune|debune
通年	つうねん	tsuunenn
千切り	ちぎり|せんぎり	chigiri|senngiri
小雪	こゆき|しょうせつ	koyuki|shousetsu
小高い	こだかい	kodakai
考古	こうこ	kouko
自公	じこう	jikou
太古	たいこ	taiko
船体	せんたい	senntai
土間	どま	doma
引き合い	ひきあい	hikiai
弱火	よわび	yowabi
本道	ほんどう	honndou
万里	ばんり	bannri
山野草	さんやそう	sannyasou
算入	さんにゅう	sannnyuu
何万	なんまん	nannmann
作り手	つくりて	tsukurite
秋月	しゅうげつ	shuugetsu
もち米	もちごめ	mochigome
東南	とうなん	tounann
弓道	きゅうどう	kyuudou
五行	ごぎょう	gogyou
夏まつり	なつまつり	natsumatsuri
東上	とうじょう	toujou
帰す	かえす|きす	kaesu|kisu
体当たり	たいあたり	taiatari
読み書き	よみかき	yomikaki
上書き	うわがき	uwagaki
数理	すうり	suuri
海道	かいどう	kaidou
体長	たいちょう	taichou
立て直し	たてなおし	tatenaoshi
合える	あえる	aeru
野心	やしん	yashinn
海原	うなばら	unabara
小春	こはる	koharu
自白	じはく	jihaku
百人一首	ひゃくにんいっしゅ	hyakuninnisshu
耳鳴り	みみなり	miminari
同店	どうてん	doutenn
直角	ちょっかく	chokkaku
音読	おんどく	onndoku
思いのほか	おもいのほか	omoinohoka
歌える	うたえる	utaeru
広める	ひろめる	hiromeru
引当	ひきあて	hikiate
見地	けんち	kennchi
木戸	きど	kido
車台	しゃだい	shadai
読み手	よみて	yomite
線形	せんけい	sennkei
一分	いちぶん	ichibunn
食らう	くらう	kurau
肉まん	にくまん	nikumann
今ごろ	いまごろ	imagoro
買い方	かいかた	kaikata
鳴子	なるこ	naruko
一元	いちげん	ichigenn
茶の間	ちゃのま	chanoma
戸数	こすう	kosuu
親交	しんこう	shinnkou
細道	ほそみち	hosomichi
当会	とうかい	toukai
麦茶	むぎちゃ	mugicha
町会	ちょうかい	choukai
強める	つよめる	tsuyomeru
公売	こうばい	koubai
力作	りきさく	rikisaku
買い手	かいて	kaite
小百合	さゆり	sayuri
左記	さき	saki
船頭	せんどう	senndou
何だかんだ	なんだかんだ	nanndakannda
切れ目	きれめ	kireme
し直し	しなおし	shinaoshi
思い思い	おもいおもい	omoiomoi
名画	めいが	meiga
草食	そうしょく	soushoku
絵馬	えま	ema
王家	おうけ	ouke
新道	しんどう|しんみち	shinndou|shinnmichi
生長	せいちょう	seichou
小心	しあおしん|しょうしん	shiaoshinn|shoushinn
書き手	かきて	kakite
強まる	つよまる	tsuyomaru
秋刀魚	さんま	sannma
顔出し	かおだし	kaodashi
色白	いろじろ	irojiro
一声	いっせい|ひとこえ	issei|hitokoe
赤毛	あかげ	akage
母音	ぼいん|ぼおん	boinn|boonn
時分	じぶん	jibunn
五色	ごしき	goshiki
中道	ちゅうどう|なかみち	chuudou|nakamichi
ひとり言	ひとりごと	hitorigoto
分校	ぶんこう	bunnkou
合算	がっさん	gassann
小道	こみち	komichi
書き直し	かきなおし	kakinaoshi
野手	やしゅ	yashu
赤星	あかほし|あかぼし	akahoshi|akaboshi
公家	くげ	kuge
新月	しんげつ	shinngetsu
寺町	てらまち	teramachi
東国	とうごく	tougoku
船上	せんじょう	sennjou
金時	きんとき	kinntoki
出直し	でなおし	denaoshi
交じり	まじり	majiri
王室	おうしつ	oushitsu
十二分	じゅうにぶん	juunibunn
昼下がり	ひるさがり	hirusagari
高遠	こうえん	kouenn
魚や	さかなや	sakanaya
線上	せんじょう	sennjou
古木	こぼく	koboku
家人	かじん|けにん	kajinn|keninn
手直し	てなおし	tenaoshi
前場	ぜんば	zennba
立会い	たちあい	tachiai
人通り	ひとどおり	hitodoori
年少	ねんしょう	nennshou
分光	ぶんこう	bunnkou
春雨	はるさめ|しゅんう	harusame|shunnu
買上げ	かいあげ	kaiage
茶色い	ちゃいろい	chairoi
引きずり	ひきずり	hikizuri
白地	しらじ|しろじ	shiraji|shiroji
字体	じたい	jitai
新日	しんにち	shinnnichi
細分	さいぶん	saibunn
自画	じが	jiga
水門	すいもん	suimonn
土用	どよう	doyou
空売り	からうり	karauri
そよ風	そよかぜ	soyokaze
父兄	ふけい	fukei
新市	しんし	shinnshi
谷中	やなか	yanaka
何がし	なにがし	nanigashi
南風	みなみかぜ|なんぷう|はえ	minamikaze|nannpuu|hae
つかの間	つかのま	tsukanoma
顔合わせ	かおあわせ	kaoawase
知力	ちりょく	chiryoku
今どき	いまどき	imadoki
会し	かいし	kaishi
聞き手	ききて	kikite
牛タン	ぎゅうたん	gyuutann
花形	はながた	hanagata
立ち回り	たちまわり	tachimawari
外気	がいき	gaiki
生家	せいか	seika
交わり	まじわり	majiwari
秋晴れ	あきばれ	akibare
声楽	せいがく	seigaku
か国	かこく	kakoku
小魚	こざかな	kozakana
強弱	きょうじゃく	kyoujaku
週明け	しゅうあけ	shuuake
本分	ほんぶん	honnbunn
一風	いっぷう	ippuu
文楽	ぶんらく	bunnraku
国力	こくりょく	kokuryoku
親水	しんすい	shinnsui
親しむ	したしむ	shitashimu
茶会	ちゃかい	chakai
夜食	やしょく	yashoku
肉じゃが	にくじゃが	nikujaga
番頭	ばんがしら|ばんとう	banngashira|banntou
国名	こくめい	kokumei
古文	こぶん	kobunn
林家	りんか	rinnka
読み直し	よみなおし	yominaoshi
色っぽい	いろっぽい	iroppoi
大麦	おおむぎ	oomugi
分る	わける|わかる	wakeru|wakaru
前科	ぜんか	zennka
色あせ	いろあせ	iroase
書きこみ	かきこみ	kakikomi
下書き	したがき	shitagaki
間口	まぐち	maguchi
ただし書	ただしがき	tadashigaki
大台	おおだい	oodai
買出し	かいだし	kaidashi
買い出し	かいだし	kaidashi
店先	みせさき	misesaki
親日	しんにち	shinnnichi
買春	ばいしゅん|かいしゅん	baishunn|kaishunn
当る	あたる	ataru
何色	なにいろ	naniiro
同町	どうちょう	douchou
語り口	かたりくち	katarikuchi
八百長	やおちょう	yaochou
雲海	うんかい	unnkai
日当り	ひあたり	hiatari
うわさ話	うわさばなし	uwasabanashi
は行	はぎょう	hagyou
明星	みょうじょう	myoujou
里子	さとご	satogo
自明	じめい	jimei
古び	ふるび	furubi
遠心	えんしん	ennshinn
直立	ちょくりつ	chokuritsu
弱小	じゃくしょう	jakushou
元日	がんじつ	gannjitsu
原木	げんぼく	gennboku
姉弟	してい	shitei
角地	かどち	kadochi
外車	がいしゃ	gaisha
長引く	ながびく	nagabiku
東風	ひがしかぜ|とうふう|こち|ごち	higashikaze|toufuu|kochi|gochi
自走	じそう	jisou
遠近	えんきん|おちこち	ennkinn|ochikochi
買いもの	かいもの	kaimono
後年	こうねん	kounenn
ひき肉	ひきにく	hikiniku
子分	こぶん	kobunn
村内	そんない|むらうち	sonnnai|murauchi
家来	けらい|げらい	kerai|gerai
心がける	こころがける	kokorogakeru
こぼれ話	こぼればなし	koborebanashi
大前	おおまえ	oomae
た行	たぎょう	tagyou
直る	なおる	naoru
岩魚	いわな	iwana
黒石	くろいし	kuroishi
合作	がっさく	gassaku
木場	きば|こば	kiba|koba
出自	しゅつじ	shutsuji
大人買い	おとながい	otonagai
大岩	おおいわ	ooiwa
水場	みずば	mizuba
交友	こうゆう	kouyuu
前足	まえあし	maeashi
広角	こうかく	koukaku
西海	さいかい	saikai
遠目	とおめ	toome
水鳥	すいちょう|みずとり	suichou|mizutori
新風	しんぷう	shinnpuu
語れる	かたれる	katareru
足回り	あしまわり	ashimawari
大道	たいどう|だいどう	taidou|daidou
風光	ふうこう	fuukou
引ける	ひける	hikeru
母方	ははかた	hahakata
秋風	あきかぜ|しゅうふう	akikaze|shuufuu
七色	なないろ	nanairo
地すべり	じすべり	jisuberi
文教	ぶんきょう	bunnkyou
新し	あたらし	atarashi
空回り	からまわり	karamawari
林間	りんかん	rinnkann
し合う	しあう|しおう	shiau|shiou
頭数	あたまかず|とうすう	atamakazu|tousuu
来れる	これる	koreru
高らか	たからか	takaraka
上体	じょうたい	joutai
地魚	じざかな	jizakana
毛先	けさき	kesaki
古紙	こし	koshi
家元	いえもと	iemoto
黒子	くろこ|くろご|こくし|ほくろ|ぼくろ	kuroko|kurogo|kokushi|hokuro|bokuro
さ行	さぎょう	sagyou
赤道	せきどう	sekidou
通風	つうふう	tsuufuu
台紙	だいし	daishi
かみ合わせ	かみあわせ	kamiawase
きめ細か	きめこまか	kimekomaka
国原	くにはら	kunihara
公金	こうきん	koukinn
原野	げんや	gennya
あ行	あぎょう	agyou
空き家	あきや	akiya
心ゆく	こころゆく	kokoroyuku
立会	たちあい	tachiai
休み明け	やすみあけ	yasumiake
気道	きどう	kidou
谷町	たにまち	tanimachi
点心	てんしん	tennshinn
語らい	かたらい	katarai
足止め	あしどめ	ashidome
組立て	くみたて	kumitate
三毛	みけ	mike
水切り	みずきり	mizukiri
元通り	もとどおり	motodoori
風雨	ふうう	fuuu
黒ずみ	くろずみ	kurozumi
原石	げんせき	gennseki
ファミ通	ふぁみつう	famitsuu
大食い	おおぐい	oogui
通ずる	つうずる	tsuuzuru
海馬	かいば|うみうま	kaiba|umiuma
石室	せきしつ|いしむろ	sekishitsu|ishimuro
後記	こうき	kouki
国人	くにびと|こくじん	kunibito|kokujinn
通り道	とおりみち	toorimichi
入道	にゅうどう	nyuudou
田楽	でんがく	denngaku
太字	ふとじ	futoji
すき間	すきま	sukima
上地	じょうち	jouchi
立国	りっこく	rikkoku
八方	はっぽう	happou
雪道	せつどう|ゆきみち	setsudou|yukimichi
食前	しょくぜん	shokuzenn
新店	しんみせ	shinnmise
切り分け	きりわけ	kiriwake
新茶	しんちゃ	shinncha
ため池	ためいけ	tameike
言ふ	ゆふ	yufu
止み	やみ	yami
道しるべ	みちしるべ	michishirube
竹刀	しない	shinai
交わる	まじわる	majiwaru
立春	りっしゅん	risshunn
左近	さこん	sakonn
分家	ぶんけ	bunnke
木馬	もくば	mokuba
山海	さんかい	sannkai
活魚	かつぎょ|いけうお	katsugyo|ikeuo
分数	ぶんすう	bunnsuu
星雲	せいうん	seiunn
海草	かいそう	kaisou
小夜	さよ	sayo
自ずと	おのずと	onozuto
明ける	あける	akeru
校門	こうもん	koumonn
電光	でんこう	dennkou
草地	くさち	kusachi
強まり	つよまり	tsuyomari
言わば	いわば|ゆわば	iwaba|yuwaba
明か	あか|あきらか	aka|akiraka
黒船	くろふね	kurofune
下図	かず|したず	kazu|shitazu
目頭	めがしら	megashira
車高	しゃこう	shakou
聞え	きこえ	kikoe
か行	かぎょう	kagyou
文理	ぶんり	bunnri
下線	かせん	kasenn
長生	ちょうせい	chousei
小分け	こわけ	kowake
青海	あおうみ	aoumi
岩山	いわやま	iwayama
売り方	うりかた	urikata
食する	しょくする	shokusuru
食べもの	たべもの	tabemono
雪かき	ゆきかき	yukikaki
同会	どうかい	doukai
手引	てびき	tebiki
右記	うき	uki
声高	こわだか	kowadaka
教わる	おそわる	osowaru
同室	どうしつ	doushitsu
小回り	こまわり	komawari
今一つ	いまひとつ	imahitotsu
強火	つよび	tsuyobi
夜半	よわ|やはん	yowa|yahann
十八番	おはこ	ohako
工大	こうだい	koudai
売り手	うりて	urite
南山	なんざん	nannzann
数多	あまた|すうた	amata|suuta
寺内	じない	jinai
同大	どうだい	doudai
来社	らいしゃ	raisha
聞き分け	ききわけ	kikiwake
楽チン	らくちん	rakuchinn
古風	こふう	kofuu
長大	ちょうだい	choudai
社中	しゃちゅう	shachuu
思いきり	おもいきり	omoikiri
市町村長	しちょうそんちょう	shichousonnchou
行き止まり	いきどまり|ゆきどまり	ikidomari|yukidomari
売り子	うりこ	uriko
月半ば	つきなかば	tsukinakaba
当行	とうこう	toukou
何もの	なにもの	nanimono
西北	せいほく|にしきた	seihoku|nishikita
日用	にちよう	nichiyou
ほど遠い	ほどとおい	hodotooi
中山間	ちゅうさんかん	chuusannkann
きめ細かい	きめこまかい	kimekomakai
花色	はないろ|かしょく	hanairo|kashoku
引っかかり	ひっかかり	hikkakari
広まり	ひろまり	hiromari
な行	なぎょう	nagyou
室外	しつがい	shitsugai
雲の上	くものうえ	kumonoue
日本語	にほんご	nihonngo
一回	いちかい	ichikai
高校生	こうこうせい	koukousei
外国人	がいこくじん	gaikokujinn
日曜日	にちようび	nichiyoubi
土曜日	どようび	doyoubi
何回	なんかい	nannkai
教科書	きょうかしょ	kyoukasho
見方	みかた	mikata
午前中	ごぜんちゅう	gozennchuu
中国人	ちゅうごくじん	chuugokujinn
社会人	しゃかいじん	shakaijinn
金曜日	きんようび	kinnyoubi
月曜日	げつようび	getsuyoubi
中古車	ちゅうこしゃ	chuukosha
中国語	ちゅうごくご	chuugokugo
子会社	こがいしゃ	kogaisha
長時間	ちょうじかん	choujikann
原子力	げんしりょく	gennshiryoku
心理学	しんりがく	shinnrigaku
女子高	じょしこう	joshikou
水曜日	すいようび	suiyoubi
火曜日	かようび	kayoubi
女子高生	じょしこうせい	joshikousei
食生活	しょくせいかつ	shokuseikatsu
木曜日	もくようび	mokuyoubi
下水道	げすいどう	gesuidou
売上高	うりあげだか	uriagedaka
茶色	ちゃいろ	chairo
新聞社	しんぶんしゃ	shinnbunnsha
外国語	がいこくご	gaikokugo
何日	なんにち	nannnichi
少人数	しょうにんずう	shouninnzuu
青色	あおいろ	aoiro
数時間	すうじかん	suujikann
時間外	じかんがい	jikanngai
赤外線	せきがいせん	sekigaisenn
通知書	つうちしょ	tsuuchisho
会社名	かいしゃめい	kaishamei
外出先	がいしゅつさき	gaishutsusaki
分科会	ぶんかかい	bunnkakai
何本	なんぼん	nannbonn
地下水	ちかすい	chikasui
考古学	こうこがく	koukogaku
新年会	しんねんかい	shinnnennkai
新入生	しんにゅうせい	shinnnyuusei
社会学	しゃかいがく	shakaigaku
大多数	だいたすう	daitasuu
明太子	めんたいこ	menntaiko
高分子	こうぶんし	koubunnshi
顔文字	かおもじ	kaomoji
一直線	いっちょくせん	icchokusenn
音楽家	おんがくか	onngakuka
何時間	なんじかん	nannjikann
中心地	ちゅうしんち	chuushinnchi
三角形	さんかっけい	sannkakkei
水道水	すいどうすい	suidousui
一時金	いちじきん	ichijikinn
新生活	しんせいかつ	shinnseikatsu
親会社	おやがいしゃ	oyagaisha
計算書	けいさんしょ	keisannsho
帰国後	きこくご	kikokugo
明細書	めいさいしょ	meisaisho
絵文字	えもじ	emoji
新聞紙	しんぶんし	shinnbunnshi
町内会	ちょうないかい	chounaikai
絵日記	えにっき	enikki
高学年	こうがくねん	kougakunenn
小売店	こうりてん	kouritenn
計画書	けいかくしょ	keikakusho
社会科	しゃかいか	shakaika
走行中	そうこうちゅう	soukouchuu
公文書	こうぶんしょ	koubunnsho
入門書	にゅうもんしょ	nyuumonnsho
日本刀	にほんとう	nihonntou
図書室	としょしつ	toshoshitsu
天文台	てんもんだい	tennmonndai
数年間	すうねんかん	suunennkann
大人数	おおにんずう	ooninnzuu
人気店	にんきてん	ninnkitenn
数週間	すうしゅうかん	suushuukann
会場内	かいじょうない	kaijounai
新会社	しんがいしゃ	shinngaisha
文字数	もじすう	mojisuu
数日間	すうじつかん	suujitsukann
大理石	だいりせき	dairiseki
力強	ちからづよ	chikaraduyo
古文書	こもんじょ	komonnjo
千秋楽	せんしゅうらく	sennshuuraku
生理学	せいりがく	seirigaku
語学力	ごがくりょく	gogakuryoku
頭文字	かしらもじ	kashiramoji
大百科	だいひゃっか	daihyakka
風土記	ふどき	fudoki
通行人	つうこうにん	tsuukouninn
原生林	げんせいりん	gennseirinn
工学科	こうがくか|こうがっか	kougakuka|kougakka
地形図	ちけいず	chikeizu
思考力	しこうりょく	shikouryoku
合気道	あいきどう	aikidou
長方形	ちょうほうけい	chouhoukei
遠赤外線	えんせきがいせん	ennsekigaisenn
黄金色	こがねいろ	koganeiro
日本食	にほんしょく	nihonnshoku
国内線	こくないせん	kokunaisenn
引当金	ひきあてきん	hikiatekinn
今日中	きょうじゅう	kyoujuu
言語学	げんごがく	genngogaku
絵手紙	えてがみ	etegami
天地人	てんちじん	tennchijinn
心電図	しんでんず	shinndennzu
音楽会	おんがくかい	onngakukai
米国人	べいこくじん	beikokujinn
後見人	こうけんにん	koukennninn
地下室	ちかしつ	chikashitsu
正方形	せいほうけい	seihoukei
外野手	がいやしゅ	gaiyashu
多年草	たねんそう	tanennsou
出方	でかた	dekata
日本茶	にほんちゃ	nihonncha
見本市	みほんいち	mihonnichi
今年中	ことしじゅう	kotoshijuu
小数点	しょうすうてん	shousuutenn
古書店	こしょてん	koshotenn
手羽先	てばさき	tebasaki
室内楽	しつないがく	shitsunaigaku
今月中	こんげつちゅう	konngetsuchuu
番組内	ばんぐみない	bannguminai
上下水道	じょうげすいどう	jougesuidou
組合長	くみあいちょう	kumiaichou
工場長	こうじょうちょう	koujouchou